essay_id,prompt_id,Group,word_count,score,text_clean,aes_essay_index,aes_score,aes_word_count,aes_sentence_count,aes_mean_sentence_length,aes_avg_word_freq,aes_mtld,aes_awl_ratio,aes_clause_density,aes_dependency_depth,aes_noun_complexity,aes_connective_density,aes_lexical_overlap,aes_grammar_errors_per_100
T00149,University Living,E,85,1,"There are several reasons for deciding between them. Apartments might seem much comfortable for having a quiet and good night sleep, but maybe they could be too far away from the campus and if I dont have the money for transportation then it will be difficult for me.

University dormtories will have a great advantage for being close to the schools and having roomates who might take the same classes as you do,

so I would prefer to live in a campus dormitory.",1,47.08905,84,3,28.00000,5.97048,98.78400,0.01190,0.04762,3.37079,1.20000,0.00000,0.09962,3.57143
T00436,Study Abroad,C,89,2,"Why do students study abroad ? student wants to study abroad because of the educational level of understanding in their own country is not suitable for them.

One of the reasons why student go abroad for study is because to have better Job opportunities, and also to have the higher level of education such as Degree and Phd that other country officers.

to conclude student go for schools and offer opportunity for student to able to provide for their school fees and offer education that help them to get jobs.",2,33.77985,89,3,29.66667,6.03281,44.50000,0.04494,0.07865,4.14894,1.04762,3.37079,0.17727,4.49438
T00126,University Living,E,119,2.50000,"If I'm given a chance to live in BYU Hawaii and choose to live between university dormitory or apartments in the community, I will choose the convenience of living in the university dormitories, because it is nearest in the university and coming back will be easier for me, for example when I need or forgot something like laptop I can get it so easy because it is near and convenient.

Also when I get tired from doing things around the campus I can easily get rest. And lastly I can call for help nearby, when emergency comes, troubles I'm facing either in college, life or spiritual things I can easily get it from around because I'm near the campus.",3,35.37510,119,3,39.66667,6.02345,49.16671,0.00840,0.07563,3.41985,0.95238,4.20168,0.19092,0.00000
T00219,Mandatory Attendance,A,125,2.50000,"I have to say I agree with student should be requires to attend classes. I feel this this way for two reason.

first, I think that attend classes will be influence our increases of knowlege. For example, as a student when they attend their classes it'll makes easier to them if they have an issues with their assignments in addition the lecture will help students easier.

second, I remember the stories from my uncle when he was in collage. He says attended the class give a alot of benefits. For instance, my uncle has great grade when he tried to attend classes on time, occasionally he needs to consult with his lecture and makes it easier.

That's why I agree when students attend classes than not attend classes.",4,41.46244,128,8,16.00000,5.92859,65.91232,0.07031,0.14062,2.29371,0.73333,2.34375,0.06823,7.03125
T00280,Technology,D,97,2.50000,"I agree that social media has destroyed real life interactions and relationship by creating a superficial and disconnected way of communication but at the same time i disagree because social media enhanced communication by allowing people to stay connected and share moments regardless of physical distance. It is true that social media can sometimes lead to misunderstanding or miscommunication due to lack of tone and body language in online interactions. Additionally, the constant presence of social media in our lives can lead to distractions and reduced quality time spent with loved ones. On the other hands",5,67.26042,96,4,24.00000,5.77417,95.78667,0.12500,0.04167,3.25000,1.17857,1.04167,0.12862,1.04167
T00013,Reducing Stress,B,198,3,"All of us experience a circumstances in life and we feel stress and difficulties particularly in our daily living but in order for us to cope this we might have a lot of ways to entertain our selves to release all negativity that we've been experiencing. We might been so overwhelmed or in under pressured due to work or school some people nowadays got depressed or took their own life due to difficulties.

Furthermore still lot's of teen used their mobile to release their stress and some adult do unwind to have a break. But for me the best way to reduce stress is to give my self time to refresh for example doing shopping or reading some books and watching movies and It helps me to cope my stress in everything especially in school stuff. I've read some page that being stress is good but too much of it it well result a negativity that's why we need to take a break and relax.

In conclusion giving a time to refresh ourselves makes us more comfortable in everything and we can think properly and we can reduce our stress to the things that we been facing.",6,43.76927,197,6,32.83333,6.00701,72.34592,0.07107,0.07107,2.97585,1.07500,1.01523,0.10970,6.59898
T00027,Reducing Stress,B,272,3,"In modern days with social media being pretty much the center of everyone's life. there have been reports of people with crippling depression and the reason of that comes from family issues or something personal like stress also play a big part into this. So, Are there ways to deal with stress?

Some read to distract themselves. If you enjoy reading just read what you like be it Comedy Drama or Comics etc. I guaranteed that you would be too absorb in the book you're reading and that would allow you to escape the reality even if it's just for a moment.

Some exercise. there have been research that exercise makes you happier, not to mention the health benefits that comes along. you can also take it up a notch by challenge yourself to perform harder exercises. to give yourself a set goal of what you want to do.

Others work in the garden. you can water your plants and that would take you a while to finish. if anything plants are alive too and you are required to be delicate with them. It's like raising a kid that can't cry but you still need to feed them. and you can even vent your problem to them and they would never complain. great hobby to destress to say the least.

We've all experience stress and how it pressure us but that's why we need to take care of this. otherwise it would lead us to bigger problems like depression and even other kinds mental illnesses. I'm sure that these solution will help you manage your stress better and help you through it.",7,43.38346,272,19,14.31579,6.07945,78.53296,0.05882,0.06985,2.56146,1.24390,0.73529,0.08281,6.98529
T00050,Reducing Stress,B,236,3,"Stress for me is inevitable, no matter what you do in life, there will always be stress. How we cope up with stress is what matters. Whenever I feel stress at home, I put on my running shoes, airpods and play my favorite tunes on spotify and start running. It gives me peace of mind and study shows that running or jogging is a great factor for a healthy mental health. I also walk my dog outside because it gives me joy. When I feel stress at work I just go for a break and eat some food to ease my mind before even jumping back to work. Driving my motorcycle is also one of the best ways for me of reducing stress.

I remember back in the pandemic days, we where at the comfort of our home just to avoid getting or catching the virus. At first it was fun but as days, months, and even years pass by, stress and depression start to consume us. My mom and I think of ways to deal with or fight with it by planting some ornamentals and doing garden. It was refreshing and renewing for we found a way to cope up with everything that is happening at that time. There are actaully lots of ways in reducing stress but it really is up to us and it is in our hands how we deal with stress. Mahalo!",8,46.86112,237,13,18.23077,6.00696,73.07796,0.06329,0.05485,2.72481,1.08511,1.26582,0.08714,3.37553
T00068,Reducing Stress,B,179,3,"The best way to reduce stress is to Pray and go to the temple asked the lord's help, guidance to solved our problems , that gives us peace to overcome difficulties in life and be happy again.

We can be stress free if we learn not to worry and trust the lord that we are going to be okay. God's love is unconditional and he is always there for us.

Also by doing activities that makes us happy like attending the church activity ,talking to families and friend. They are our support system that are always there for us.

By attending in the Resilience class in the church, Institute classes really helps us to go closer to the lord. Be engage in activities like sports and music.

When I am stressed, i sing and play guitar at home i also love to paint it makes me so happy and reduces my stress. I treat myself and go shopping too it reduces my stress. we can overcome stress if we allow God in our life and we will be happy..",9,36.08417,178,10,17.80000,6.04865,59.06486,0.03933,0.08989,2.77949,0.90323,1.12360,0.08718,5.61798
T00093,University Living,E,221,3,"Where to live in whether university dormitories or apartments is a good question for all of the students in the university. For my opinion, I prefer to live in university dormitories. I will introduce two reasons about why I have choose this option in following paragraph.

First off, It is more easy to get to know people around you if you live in a dormitory, some of the furniture will be used with everyone like laundry and frigate maybe. Base on it, you will have the opportunity to have the conversation with people and even get a new friend. Above all, you can find out who can be suitable to become your friend by seeing them using the furniture or their living styles. Secondly, the financial problem is always need to be considered. We need to manage our money so that we can survive in the high costing places. And it is the good way to save your money by live in college.

In conclude, live in college is a great choice for me. It can help me to get new friends and even save money from housing loan. If the students want to adjust quickly in the school and study without financial problem, they should choose to live in university dormitories.",10,42.26108,212,12,17.66667,6.13311,66.55620,0.03774,0.07547,2.77155,1.16279,0.00000,0.13394,2.35849
T00003,Reducing Stress,B,273,3.50000,"Gardening as a Stress Relief Mental stress is increasing among people around the world. This era is somthing Some people today exercise and they prefer to talk to someone they know, but I have my personal ways to overcome my stress. I will put them into the furthermore paragraphs.

I think concentrating on work rather than health gives us the most stress. If we focus on health can give better health to get relief from the stress. For example, if someone has more stress they tend to lose their interest on work and have less thinking power due to the workload. Stress is an inevitable part of modern life affecting individual across the globe. Amidst the chaos, garden emerge as serene sanctuaries offering respite and tranquility.
The healing power of garden or just spaces of cultivating plants, they are realms when one can engage with nature and find peace. The lush greenery, vibrant flowers, and the gentle rustle of leaves work in harmony to soothe the mind and spirit.
Gardening as a stress, reliever, the act of gardening itself is therapeutic. planting seeds tending to flowers, and watching life grown provides a sense of accomplishment and connection to the Earth, which can significantly reduce stress level.

In conclusion, Garden services are natural oases, then offering a unique way to elevate stress, rather thought, passive enjoyment or active gardening. These green spaces are vital for metal well-being. I believe in the creation of the god and admire it's beauty which can give peace to oneself.",11,64.32294,255,15,17.00000,5.68443,104.16981,0.09804,0.04314,2.47203,1.23288,0.78431,0.08252,1.56863
T00012,Reducing Stress,B,328,3.50000,"Do you want to escape from the dry and stressful world for a while? or do you want to relax and rest for the mean time? Many people are experiencing stress and feeling tired. They often feel it because of their hectic schedules to work, schools and they find it hard to make some time for themselves. Some of the people I know loves to read books because, they feel calm and it relaxes their mind from overthinking.

For me reading is the best way of reducing stress. I remember when the time that I just got home from my mission, the pressure and the expectation to me really made me feel overwhelmed and stress. And one night, when I was scrolling to my smart phone I see a cheap book that can be bought online. The title of the book is 'ikigai', which means the purpose of life. While reading the book I bought online, it gives me an impression about there are many important things to do, and I cannot do it if I let my self stuck on a situation of stress. That book gives me courage to move everyday and take those baby steps on my feet. In order to accomplish my goals and plans, I really need to do something and start doing it. As I pick my self up I reset my goals and plans in life. I started to goal what I need to accomplish this year and have some plans to achieve it by setting a goal every month. I am really glad that I was able to get rid of my stress from reading a book

Truly, reading is a really big help when we are feeling stress and overwhelmed. It keeps our mind thinking about being creative and getting inspired. Being stress is always on our way but, there are many ways of reducing it. Remember to breath and make some time of yourself too because, ""health is wealth.",12,42.31242,330,18,18.33333,6.10570,60.36945,0.05152,0.07576,2.72376,1.27869,0.90909,0.12734,2.42424
T00036,Reducing Stress,B,739,3.50000,"In this generation, a lot of things are happening that have a big impact on our way of living. We are now introduced with a mental health issues that were not known in the world before, it might be known but it's not widely known, unlike now. A lot of researchers are researching about mental health issues and now suggesting things to take care of our mental health, like doing things that we like that could calm down our nerves and help our mind and body relax. Some things that they suggest are reading, exercising, eating, gardening, or just looking at their environment. These are things that could help you and me calm down and reduce stress.

You need to understand yourself better to know what things you need to do that are effective to lessen your stress, you can do different activities, try everything, and then evaluate yourself what is the most effective stress reliever for you. In that way, it will be easy for you to relax, calm down, and cope with life. As for me my best practice to reduce stress are to exercise, read, eat, and watch the beautiful scene of the city lights. I learned this when I was on my mission last 2022 to 2023. I began to love exercising and running, we have a space in our apartment complex where we can exercise and enough space for us to run, I began running every day at 7 am and it just calms me down, helps me be active, and helps my brain to think and function well, so that I can be ready for the day and be ready to face challenges of mission. Before and after my mission, when I'm really stress I just sit or lay down on my bed grab my book or my phone, and read, I read novels to run away from real life and enter the fictional world, it is my way to hide and run away from the toxicity of life, reading helps me to picture out the beauty of the world and taught me how to face life. It's my way of being out of the world but being in the world, and also my way of learning and navigating life. Eating will never be out in as my coping mechanism to reduce my stress, eating just gives me a sweet feeling and helps me block all the negativity I have. Lastly, my favorite way to reduce stress is to look at the beautiful view of a city lights. I love it so much, as we drive on the highway at night and then I see the beautiful lights of the city twinkling in front of my eyes, which makes my heart calm and just brings peace to my world. City lights are the trance of my brain that protects me from sadness, it shows me that in the darkest moment of our lives, there can be lights that will shine and bring peace and hope, as we are faithful enough.

There will be a lot of ways to reduce stress it depends on one person's coping mechanism, you can share ideas and practice each other routines until you find out the most effective way for you to reduce your stress. Knowing and understanding yourself can be a great help for you, cause if you do things without knowing what's an effective way for, will not be helpful but can add to your stress. In mission, we have stress levels. Green, yellow, orange, and red, green being the normal, and red being where you need help, identifying your stress level can help you do things that will benefit you and will help you know what is the best practice for you to be back on the green level. Lastly, the most important way for you to reduce your stress level is to rely on Jesus Christ, if you rely on and come unto Him, He will be your biggest strength and ally in your journey, He will help you, He'll give you peace, hope, and joy in this life. He will teach you to navigate the light and find the beauty in darkness, He'll give you strength in your weakness and joy in your sad moment of life. Have faith and believe in the name of Jesus Christ, because there is power in His name, you just need to experience it on your own. Seek Him.",13,41.54272,738,25,29.52000,6.09732,50.49768,0.05014,0.08401,3.36155,1.32143,0.27100,0.13526,0.40650
T00039,Reducing Stress,B,286,3.50000,"In today's fast-paced lifestyle are really stressful, we encounter a lot of changes everyday in our lives and there are different factors and challenges that are affecting people's behavior that causes them stress. Stress is part of our life, we can encounter this everyday but escaping and finding solution for stress can help us lessen our burden and find strength and hope to continue this wonderful journey.

There are different opinions on how they are coping stresses, some people tend to read a lot, some do exercises and others work in their gardens. All of us can make our own coping mechanism for stress that will best suit our personal needs. However, the best practice for me whenever I feel so stress is to pray to God and ask Him on who will need my help at that moment or at that day, and luckily I am always answered, sometimes the answer was me, to help myself. I always relied and vent to God with whatever that is happening in my life and I felt His presence every time I feel like I am having a stressful day.

Some stresses are hard to address, and that means we have different circumstances and not everyone have the same strength to cope it up and escape from it. However, finding time to kneel down and ask God for help can be our best practice to cope with it because I witnessed it for myself and I am sure that it will help to calm us down and be guided with what actions we needed to take to be able to address our needs and move forward with life. Stress will always be there but Help is always available.",14,51.04112,287,9,31.88889,6.00955,77.12950,0.06620,0.07317,4.04531,1.19608,1.04530,0.09529,1.39373
T00041,Reducing Stress,B,270,3.50000,"It's true that people have different ways of escaping the stress and as difficulties in our modern life. Some people read books, doing daily exercise and others work in their garden but for me the best way to reduce stress is to make time with my family, do fun activities and make them happy.

Moreover, Other best ways that I would love to do when I felt so much stress is to read the Holy Scriptures and let our God comfort me. Also, I used to play basketball and skateboard when I'm stressed and it really helped me to be more active in mind and body so that I can also avoid those things that makes me worry. I also used to help other people who is in the same situation by treating them a snack, play video games, talk to them and especially tell them a good advice and share my ways on how to reduce stress as well.

There's a lot of ways that we can do when we feel stress, like, go to the nearest beach, do a hike, find a peaceful place to sit, breathe, relax and enjoy the fresh air. I know that stress is a part of our daily lives and we couldn't avoid it especially if we have works to do, schoolwork to finish and mostly personal problems. However, stress is good if we are working hard for our future but we need to remember that we have our best ways to make ourselves happy by doing the things we enjoyed and it's with the people that we care and love around us.",15,47.49374,270,10,27.00000,6.11474,84.86887,0.03333,0.08519,3.29966,1.31250,1.85185,0.14210,2.22222
T00057,Reducing Stress,B,183,3.50000,"Stress is an inevitable part of life.There are numerous ways to manage and reduce stress effectvively.I usually various methods such as listen to music,reading and read scriptures.I will discuss the good ways to reduce stress and provide details and examples to support these methods.

Listen to music is a common and effective way reduce stress.If I listen to smooth songs,It makes me calm down.It is like a word.People hear about good things about themself.They will be happy.Song is same type of good words.

Engaging in a good book allows individuals to escape from their daily worries and immerse themselves in different worlds and stories.For Example,Reading fiction can provide a mental break and relaxation ,while reading help myself books can offer strategies for managing stress.Also helps to sleep and law stress levels.

Reading scripture is different to other readings.It means little bit meditation.Scriptures have a strength.I read scriptures it helps a lot.Especilly help me to Holly Ghost.

Each person may find different activities more beneficial depending on their preferces and lifestyle.By incorporating these activities can signficantly reduce my stress levels and improve my quality of my life.",16,45.51834,204,20,10.20000,5.65897,89.61398,0.07843,0.04412,2.08772,1.07407,0.98039,0.09138,11.76471
T00004,Reducing Stress,B,269,4,"Quick Unwind with our Stress

When life is busy, loaded with responsibilities, peer pressure, and balancing social life. We've caught ourselves stressing too much about it. I would like to suggest two simple things we can do to help reduce stress.

First, exercising or working out, you may hear this a lot but you read this now again so you might consider trying it now. Scientifically speaking, exercising or working out can uplift our mood and reduce stress. As for my personal experiences, I exercise or workout regularly in the morning and my mood is lifted and I can handle stress well. Second, get a stress ball and squeeze it whenever you feel stressed out. There are a lot of psychological explanations for it that we can read from the textbooks but it helps us calm down and deprives our strong emotions such as stress. I have a few of my friends investing in some stress balls and as I observed them it worked like magic to them so I tried it and it works for me. It truly helps me calm and reduce stress at that moment.

I know some of us might find this simple but some of us find it hard, but as we are consistent with the small and simple things like exercising and squeezing a stress ball it will have a great impact on us. Stress will always be there but taking care of our mental health or stability should be our priority. Don't forget the Lord is with you!",17,55.25244,255,15,17.00000,5.94663,88.03228,0.07451,0.06275,2.41219,1.18919,0.00000,0.07971,1.96078
T00005,Reducing Stress,B,374,4,"Everyone in this world are going through difficulties. Sometimes I would just think that its just me, but than as I grew older I learn that People are struggling as well. Because of the many tribulations and hardships it can cause one to overthink and to stress. Why? Because some people don't know what to do, or figure out the solutions for their problems. Having a lot of stress can cause one to panic or overreact. That is why we should do something about it to reduce stress. One thing I always do that helps with stress is exercising. The other is taking a good rest.

Exercising is a really good method of reducing stress. Why? For me when I go exercise I get my mind occupied in something else other than thinking of the many problems that I am going through. Exercising has also helped me built my mentality to be strong. That is the main reason why I exercising is to built my mentality. When facing my problems again after my exercise I would say to myself I can do this like everyone else. I can show the world that these hardships won't put me down. I will than find my strength to move on with life and not be stuck stressing myself and not improving.

Secondly when going through life with so much difficulties and stress all you need is some rest. What i mean by that to go out find a hoppy that you love to do and do it. Finding something that you love to do can give you rest from the difficulties and stress that you have. Also when I mean by rest is to take a nap. So that your brain can rest from the thinking. When you wake up you can just feel a little refreshed.

Overall just remember that you can learn from your hardships and difficulties. Try to find ways to go through it and overcome it. Exercise, take a nap, or just get a rest from the world. Be happy and be strong. Find ways to overcome the hardships an",18,41.31268,351,28,12.53571,6.10556,62.40000,0.03704,0.07692,2.19010,1.14894,1.13960,0.07563,1.99430
T00006,Reducing Stress,B,483,4,"Some of the things that we must know that willingness to learn and improve ourselves requires different ways to acquired development. Development requires commitment which is having a courage to face different difficulties such as stress. There are different kinds of stressors that we could face along the way, it could be from our own choices or comes from unexpected events in our lives.

First, if we are going to talk about stress from our choices sometimes this kind of stressors has some benefits for our growth. For example if you are studying in your local university wherein you are required to have a tasks to do then since it is your choice to study which means that you are willing and committed to face the stress that awaits you for you to upskill your knowledge about something.

Second is, some of the stressors that we face are really from unexpected events in our lives. It is true that sometimes we do some activities like reading, exercise for us to eliminate some stress that we are facing which is completely good for our mental health. However, since we are facing different events in our lives, we sometimes face difficulties or trials in our lives that cause us to feel stress even though those are not came from our choices. For example, you have a son who is influenced by his friends to go outside to do some activities. As a parent, you have no idea what's your son doing during those activities, yet you still have a trust that he is doing good with his friends. Later on, as your son doing something fun with his friends, you've heard that your son was involved to a latest report that there was a one guy who got beaten by a group of men which a group where your son belong. So as a parent, you are responsible to fix things regarding to your son's mistake. This kind of stressors are the events that we have no idea when it would come in our daily lives, however, to ensure that this kind of stressors should be avoid it requires action that could prevent this kind of event in our lives.

In conclusion, stress are essential part of our growth and development as human beings. But we must ensure that it suppose to be a way for us to acquire experiences not to lead us in a way that we will choose to give up. Life requires us to do our best that despite of our circumstances we have to find ways that the purpose of life is to gain experiences so that we will be more prepared for the coming futures which lead us to a happy destination.",19,42.68984,456,16,28.50000,6.05675,58.18645,0.05482,0.07237,4.00204,1.27660,0.87719,0.13057,1.97368
T00007,Reducing Stress,B,401,4,"What Do You Think Are the Best Way to Reducing Stress?

Nowadays stress is one of the things that people faced in their life, but as for me the best ways of me reducing stress is that I used to went out with friends or do some work at home with some music playing. So, it'll help me with reducing my stress.

Going out with friends or do some work at home with some music playing helped me reduce my stressful days. I remembered when I was taking BYU-Pathway it was the stressful days of my life. I had to go work and study at the same time not only that but come back home and do our house cores because I'm the only child with my parents. I remembered one day I was thinking of withdrawing from the class because I was so stressed working came back home to cook and clean up then some of my assignments were due late. I then plan on taking one day in a week just to go out with friends have some good food and talk. But when some of my friends was busy, I tend to do clean up play some music and dance while working. Something came to my mind this time I realized that stress was always gone when I do this. I had to reschedule my time manage my work and also my study and at the end my stress was no longer there because I do this planned for almost a month's now without getting stress about things in life. Today I've passed my Pathway classes I did it. My bishop always told me ""Neti don't stress yourself over a thing that does not matter the most but stress yourself on things that will lead you to your final destinations."" This phrase by my Bishoped also helped me overcome some of my stressful days in this life.

As for me reducing stress not only can helped our self physically but also spiritually, I know without these reschedule I made above to reduce my Stress together with my bishop encourage word I wouldn't made it this far. Don't let stress overcome us but let ourselves overcome stress with things we knew it will help us reduce the stress.",20,44.77699,381,16,23.81250,6.04220,60.39924,0.06299,0.08136,3.29440,1.14493,1.57480,0.11706,1.83727
T00008,Reducing Stress,B,195,4,"Stress is a major problem that affects people's activities and lives. However, people can fight this and reduce stress and its effect in their lives.

Firstly, people need to do activities that contribute to their healthy lifestyles. People need to participate in outdoor activities, hanging out with friends and even study about their environment and things around them, which somehow relieves stress.

Moreover, they need to act and behave well. Majority, people who suffers with stress are due to anger, disappointment and even depression. So, it is important that people change their behaviors or even their attitudes. They need to learn from others' mistakes and know that people have their own personalities.

Last but not least, being positive in everything. When someone misunderstands another's behavior, it is mostly because they do not understand that person's personality. So, instead of judging, they need to adjust to a new situation and lifestyle so they can learn more.

To conclude with, I agree that stress can be overcome if we follow these ways.",21,57.89101,170,12,14.16667,5.88124,78.17452,0.09412,0.08235,2.32161,1.26316,1.76471,0.09107,0.00000
T00002,Reducing Stress,B,290,4.50000,"Reducing Stress Through Daily Activities

Today after carefully looking over the prompt question, I will explain my point of view of "" How to Reduce Stress Through Daily Activities"". After careful consideration i will give you my opinion about this prompt, and i hope you can understand my point of view and my choice according to my opinions.

Many people often feeling stressed and difficulties in their everyday life or daily routine. And they also have Their own way to overcome stress. Reading, exercise, or work in their garden is a few examples from many examples. But how do i overcome stress or difficulties? I personally choose to exercise over any other way to reduce stress.

Exercise is activity that we actually do everyday . It can be just walking around our neighborhood , running, or maybe dancing. From my experience , through exercise its help me to grow and help me to confidence and self- reliance and it is help me to socialize and talk to other people in my everyday life. Besides that, we can do it at home or outside with my friends which is its offer me to talk to other people. And also with exercise, i feel more comfortable with my body and i feel more healthy. Healthy body lead me to have good mental health.

In conclusion, Living in this modern life must lots of trials and challenges that make us stress. Exercise has its benefit and positive effects as it is the most important in our lives and i totally agree with that . Even though stress and difficulties makes me not confidence some time, but i believe that i can turn them into my power to grow.",22,39.85729,279,16,17.43750,5.98932,67.65917,0.05018,0.04659,2.59223,1.30000,0.71685,0.08314,6.09319
T00009,Reducing Stress,B,224,4.50000,"These days, stress is a common part of life, especially for young parents who struggle with school, work, family, and social life. It is essential to find a way to escape stress and all the challenges to stay healthy and build a happy family. I am sharing with you some of my escape plans.

First of all, I love to do exercise. Exercise is a great way to relieve stress for me. Last year I felt deeply down for myself. It was the hardest moment in my entire life. When i exercise, i focus on only my movements, only that moment and breathing which distracts me from stressful and negative thoughts even a few minutes. Regular exercise keeps my body fit and healthy which is improving my confidence.

The second of my escape plan is reading. One good book helped me to travel to another time, another world. When i read, i can concentrate on the story or information which helps push away stressful thoughts.

The third one is spending time in nature. Nature offers a peaceful environment and walking, hiking, and sitting by a lake help you to forget all of your struggles.

In conclusion, there are many challenges that happen to us but we have plans which is we can overcome all of our difficulties.",23,49.92013,217,15,14.46667,6.00198,84.26053,0.05530,0.04608,2.68571,1.53846,0.00000,0.06862,2.76498
T00014,Reducing Stress,B,530,4.50000,"As a human, we normally encounter many different kinds of trials, challenges and pressures in life that sometimes are the cause of our stress. Stress are very normal to us. There are two types of stress, the good and bad stress. The Good Stress are the one that helps us to stretch beyond our own ability and to grow beyond our own capability, the other one is the opposite, the Bad Stress are the one that makes us feel more anxious, scared and discouraged. But some of us can control stress. But as we grow older, we have to reduce our Stress, I might give you some of a helpful tips on how to reduce stress.

As I grow up and served on a Mission, I am somehow being taught on how to reduce Stress. We called it, Observe, Think and Act. Everyday of our lives, we have different agendas, go on different places and encounter different people but during the day I always try to observe myself so I can sense if I am feeling okay or somehow stress already with my environment or to what I am doing. Observing ourselves helps us to determine what to think. Our thoughts are controllable, when we know what we feel we can change our thoughts and be more positive when we feel stress, we can think of ways on how we can remove or reduce our stresses. When we finally think what makes us stressful, we can come up with a plan on how to reduce it. Always do an action when you are stress, being busy or productive during a day will help us to be more positive too. You can exercise, read, eat or even have some alone time to feel serenity. As we Observe our environment, it will help us to know what we feel and we can change or shift our thoughts. Our thoughts lead to any actions and plans. For example, I am at school and I have many activities to do, those activities are not just a simple activity. Going on a spacious and quiet place, I will observe what am I feeling, knowing now that i am stress and overwhelm, I will try to be positive by controlling my thoughts and believing that I can do all my activities regardless of what I am feeling. And when my mind is clear I will come up with an action or plan on how to finish it. In that way, I can reduce my stress and make my day more delight.

People say, our Health is wealth and I totally agree on that, when we don't know how to control everything on our own, our health might got bad. Taking care of our mental, physical, emotional and spiritual health is important. And so, as we know on how to do everything in moderation we can do all our tasks without feeling ill or stressful. Taking a rest is a must just as how doing our tasks and achieving our goal is a must. Stress can always help us to grow but in moderation. Observing, thinking and acting can help you reduce stress just as how it helps me.",24,45.92369,532,28,19.00000,6.02716,56.12875,0.07519,0.07895,2.71284,1.21622,0.18797,0.11740,1.31579
T00019,Reducing Stress,B,394,4.50000,"Everyone is bound to experience stress in their lives. My generation, called Gen Z, often complain about the pressures we get with life. It sometimes becomes too much and when that happens, I start to feel so stressed that even a tiny thing out of place is a problem for me. So, studies were made to introduce ways to reduce stress, there are a lot but only a few work for me. I recognize stress in me once my muscles start to stiffen, my heart starts palpitating, and then I feel like suffocating. What my body usually first wants is to get out of the house, breathe some fresh air, and feel the rays of the sun. I go for long walks in nature to empty my thoughts, meditate, use affirmation to motivate me, and then create strategies to better resolve my challenges.

Another way to reduce stress and strengthen my health is to exercise. Exercise gets the blood pumping and creates chemicals in your brain that increases your happiness. Exercise is a lasting solution to decrease stress than stress eating. Stress eating only gives temporary happiness while exercise makes you stronger and more immune to illnesses. The more you exercise, the longer your capacity to accomplish your tasks in life. A great plus in exercising is that we get to tone our muscles and have what we call a fit body.

One of the ways I lessen my stress is to spend time with my furry friends- my cats, Gary and Pepper. Cats are funny creatures and I am a person who likes to laugh. Laughing distracts me from overwhelming problems and helps me be happy while facing my problems in life. There was a time that I was crying in my bed because I was overcome by sadness and stress. A few minutes later, one of my cats, Gary, comes to me to call for my attention, he walked out as if to beckon me to follow him, I did and then he directs my attention to their empty food plates. I jokingly scolded my cat for not caring about me and only wanting food. After feeding them, Pepper sits next to me and headbutts me to ask for pats. I stroked her fur and doing that calmed my heart and I knew I could carry on for the day.",25,52.52482,391,23,17.00000,5.88258,82.26215,0.05627,0.07673,2.39954,1.03750,0.25575,0.09249,0.76726
T00020,Reducing Stress,B,495,4.50000,"For me personally, what I would do differently is to leave immediately from whatever event I'm involved in to get some fresh air and distract myself with watching funny videos on any social media platform. I say this because most of the times I'm stressed with things that are not important and it will literally take up all my strength and energy focusing on the things that does not matter. Although sometimes I do not always do this, but I find it very effective for me. To me my mental health is important, and I need to come up with ideas to avoid getting stress at any cost. I understand how this method works for me, and I would always share this to my friends when they reached out to me asking for help with the struggles they go through. I'm firm believer of trusting Heavenly Father in all we do especially when we go through hard times and daily stress. I chose to leave whatever scenery I'm in when I feel stress and try to calm myself with taking a fresh air outside.

One of my favorite hobbies is hiking or going on a last -minute hiking trails with my friends because it's one of the ways I want to do to escape daily stress. Stress from work, family or even church callings. I find hiking as one of the ways to take myself out in the nature to take a breather in fresh air and explore new things I see on the way to distract myself from stress. I understand that stress can hurt us sometimes and it's important for us to do these to help us improve our mental health and happiness. I love to spend time with my family by doing fun activities together to get me away from work stress. I would sometimes distract myself by surfing through whatever social media platform to watch a funny video or watching church podcast to relieve stress from work or even church duties.

I do have a strong testimony of being involved in any functions or any outdoor activities to keep myself busy and positive to avoid any stress from work or even at home. I know that if I keep myself busy by doing these things, my high blood pressures levels go down or my stress easily fades away. By the end of the day, I understand that Heaven Father is the key or answers to all our stress. Stress and problems are meant for us, to test our faith our testimony on how we will handle the situation. Stress sometimes reminds me if I'm on the right path, if I'm choosing the right and to remind me to always turn to Heavenly Father for answers when I needed help at any time.

These are the things I personally do when I'm stressed, and I always share this to my friends and families when they go through stress as well.",26,48.32205,492,19,25.89474,6.03228,74.63056,0.05691,0.07724,3.74200,1.27957,0.60976,0.11974,1.82927
T00010,Reducing Stress,B,277,5.50000,"Reducing stress is a highly personal endeavor, and what works for one person may not be effective for another. However, there are a few methods that have consistently proven to be effective for a wide range of people. One of the most universally endorsed ways to combat stress is through regular physical exercise. Engaging in activities like running swimming, or even a brisk walk can release endorphins, the body's natural stress relievers. For example, someone who incorporates a daily jog into their routine often finds that this time allows them to clear their mind and focus on something other that their daily worries. this physical exertion not only improves mood but also promotes better sleep, which is crucial for stress management.

Another method for alleviating stress is through mindful practices such as mediation or yoga These activities help to center the mind, promote relaxation, and enhance one's ability to cope with stressors. Practice yoga can help release physical tension and improve mental clarity. Similarly, mediation encourages a state of calm and mindfulness.

Engaging in hobbies or creative pursuits is another valuable way to reduce stress. Activities such as reading, gardening, painting, or playing a musical instrument can provide a much-needed escape from the pressure of everyday life. For example, someone who enjoys gardening may find solace in tending to their plants. Experiencing a sense of accomplishment and peace as they watch their garden flourish.

In conclusion, while there are many ways to reduce stress, physical exercise, mindfulness practices, and engaging in hobbies each offer unique benefits that can help individuals manage their stress more effectively.",27,72.55263,266,15,17.73333,5.56842,140.73118,0.13910,0.03383,2.87333,1.31579,1.50376,0.05074,0.37594
T00066,Reducing Stress,B,532,5.50000,"Stress, though a negative, is a normal part of our lives. While it can be true that we can say that were not stressed when we were younger, I'm sure we will all come to a point of experiencing noticeable stress. Over time, when stress is not handled well, it accumulates and can be detrimental to different aspects of our lives. Accumulated stress can affect our productivity, decision-making, and various components of our well-being, the physical, emotional, and mental health. These are why we need to be equipped with ways to manage stress. The best ways I know are: proper sleep; regular exercise; and other positive habits.

Sleep is a crucial necessity of our body. It gives us the energy to face on another day! While we sometimes consider this element to be optional, thinking that productivity is equal to time spent on a task, we just end up adding more stress to ourselves. It is not optional! And we really shouldn't just sleep for the sake of sleeping, we need to have regular eight hours of sleep time. Studies continue to back up that sleep simply just adds to our longevity. We live longer when we sleep good!

Another thing is regular exercise. It has been considered to be a better alternative to anti-depressant drugs! When we exercise, even for a good 30 minutes a day, and not just sweating because it's hot where we live but our hearts beating like crazy, we've done a great deal for our well-being. We don't just add up to our muscles but also to our brain power! Exercising may seem to be stressful, but it's the other way around. It combats stress. Keeping exercise a regular thing in our routine makes it easier and more fun.

Now, as you can see, the two things I've mentioned are not just the activity themselves. It's not just sleeping, but sleeping properly. It's not just bursting out on an exercise, but making it regular. What's a word for this way of including an activity regular in our lives? Yes, a habit! Positive habits make it so that we can fill our days with a pattern. When we do the same good things over and over again, we will not accumulate stress doing them! An example would be setting a time of the day for homeworks. If we do it an hour in the morning and then we study at night the next day, we won't be on a good rythm. But if we decide on a time suitable for us, and we do it for a week, and then a month, or even a whole semester? It will be so easy to do.

These things are very specific ways to manage and reduce stress. And it all boils down to discipline. As stress is consistently present in our lives, we need to be disciplined to also be consistent in doing the ways to prevent the accumulation of it. Whatever good practice we have for ourselves will do, just be disciplined with it. Living a disciplined life makes a great life. Even with difficult circumstances or stressful happenings, we will be able to make it meaningful. That is, if we are disciplined.",28,50.80032,539,37,14.56757,6.01074,70.20482,0.07050,0.06679,2.39553,1.61458,0.55659,0.08205,0.37106
T00133,University Living,E,332,5.50000,"Living in a dormitory is a preferable housing option for a new student like me because university dormitories provide convenient access to university facilities, provide company of like-minded students, and help in university transition for new students like me.

First, living in a university dormitory provides a student like me easy access to many university facilities. Since most dormitories are built within university grounds, they are most likely close in proximity to essential services like the library, cafeteria, testing center, and classrooms. This would save so much time and and effort to access compared to off-campus apartments. Imagine having everything you need within walking distance without worrying about transportation costs or time pressure. This convenience would be beneficial to a new students and would lessen the stress of time and transportation. This is why living in dormitories is more convenient than off-campus apartments because of accessibility.

Second, living in university dormitories would bring more opportunities to meet and socialize with like-minded students. Having like-minded individuals whose main goal is to succeed academically as friends and company makes studying easier and more effective. These individuals are easier to find in a university dormitory. Group meetings, hangouts, and socializations can be easily arranged when friends and acquaintances live in the same building or close by my friends. Living in a dormitory where people live in one place or close provides a better likelihood of meeting like -minded people to help me succeed in my university life.

Third, living in dormitories provides a new students like me assistance in adapting an transitioning to university life easier. Living away from home could be stressful and nerve--wracking to many students. There is pressure in adjusting to e new environment and culture.

In summary, I think that dormitories are a better option for a new students like me. Dormitories provides easy access to university facilities, access to like minded company, and assist students in assist students in adapting to university life easier. Given these resources, student",29,51.55177,335,18,18.61111,5.72693,64.53676,0.09254,0.04179,3.20588,1.19048,0.59701,0.11401,2.08955
T00162,University Living,E,252,5.50000,"When it comes to choosing a place to live, university students often have two main options: university dormitories or apartments in the community. Each options has its own advantages, but i would prefer to live in a university dormitory. There are several reasons for this preference, including convenience, community, and cost.

First, living in a dormitory is convenient. Dorms are close to classes and libraries. So i can save time and money on transportation. Many dorms also include meal plans, so i don`t have to cook or buy groceries.

Second, dormitories offer a strong sense of community. I can meet new friends and join social events. There are common areas where students can hang out and study together. This helps me feel supported and connected.

Finally, student dormitories can be more cost-effective than renting an apartment in the community. The cost of living in a dormitory often includes utilities, internet and sometimes even laundry services. This makes it easier to budget and plan expenses. In contrast, renting an apartment often involves additional costs such as utilities, internet, and sometimes furniture. Managing all these expenses can be challenging, especially for students who are new to living independently.

In conclusion, while both university dormitories and community apartments have their own benefits, i would prefer to live in university dormitory. The convenience, sense of community, and cost-effectiveness make dorm life an ideal choice for me. Living in a dormitory would allow me to focus on my studies, build strong relationships, and manage my finances more easily.",30,59.75630,254,19,13.36842,5.72197,104.67879,0.07874,0.03937,2.30303,1.25676,0.39370,0.04707,2.75591
T00185,Mandatory Attendance,A,242,5.50000,"As a student, I strongly agree that attending classes should be fundamental expectation rather than optional. Attending classes provides a structured framework that enhances a learning effectiveness. The regularity of classes helps me organize and committed to my studies. This routine helps me to foster discipline and time management skills, which are crucial not only for me or my academic success but also for me preparing for future personal responsibilities. Attending classes facilitates interactive learning experiences that are essential for deep understanding and retention of subject matter. In class discussions, assignments, debates and groupworks allow me to engage directly to peers and instructors, gaining diverse perspective and real-time feedback that enriches my learning.

Classes provide access to resources and opportunities that are not easily replicated outside the classroom. This includes access to specialized, equipment, guest lectures and are not supplementary materials that the instructor may provide. Such resources enhance my learning experience by offering deeper insights into the course content and exposing me to diverse perspectives that enrich my educational journey. while flexibility is appealing, the benefits of attending classes, including structured learning, interacting engagement and access to resources far outweigh the drawbacks.

Reguar class attendance is not just about fulfilling requirements but actively investing in my education, maximizing learning opportunities, and preparing myself for future challenges and opportunities. I have also fond to my BYU-Pathway that in order for student to succeeed is to be responsible, to act and be discipline.",31,70.84978,244,12,20.33333,5.49168,90.06158,0.15984,0.04098,3.18081,1.28169,0.81967,0.12380,2.04918
T00033,Reducing Stress,B,327,6,"In the hustle and bustle of modern life, managing stress effectively is essential for maintaining overall well-being. Among the various methods available, I believe that physical exercise, mindfulness practices, and creative pursuits are some of the best ways to reduce stress. Each of these methods provides unique benefits that can significantly improve one's mental and physical health.

Firstly, Physical exercise is a proven way to alleviate stress. Activities such as running, cycling, or practicing yoga stimulate the production of endorphins, the body's natural mood enhancers. For instance, a daily responsibilities and provide a refreshing start to the day. Exercise also improve sleep quality and boosts self-esteem, both of which are essential for reducing stress. The physical exertion allows individuals to release built-up tension and frustration, leading to a calmer and more balanced state of mind.

Secondly, mindfulness and meditation are powerful tools for managing stress. Mindfulness involves staying present and fully engaging with the current moment, which helps individuals detach from their worries and anxieties. Regular meditation practice, even for just ten minutes a day can significantly lower stress levels by calming the mind and promoting a sense of inner peace. For example, practicing deep-breathing exercises or guided meditation can help clear the mind and improve focus, making it easier to handle daily challenges with a more composed attitude.

Lastly engaging in creative pursuits such as gardening, painting, or reading can be incredibly effective for stress reduction. These activities provide a mental escape and allow individuals to immerse themselves in something they find enjoyable and fulfilling. For example, gardening offers a hands-on therapeutic experience that connects individuals with nature and provides a sense of accomplishment as they watch their plants grow.

In conclusion, while people have various ways of coping with stress, physical exercise, mindfulness practices, and creative pursuits stand out as some of the most effective methods. Each of these activities offers specific benifits that help to reduce stress, improve mood, and enhance overall quality of life.",32,73.28348,333,17,19.58824,5.53249,128.96140,0.14715,0.03904,3.02356,1.35354,1.20120,0.06976,0.90090
T00046,Reducing Stress,B,411,6,"Nowadays, we are living in a dog-eats-dog world within cities that ""do not sleep"". Pressure from work, school, business, or anywhere else can be excruciating. I have even heard of some stories of people whose only purpose of going home is to head directly to bed. That situation sounds horrific, but it is a reality to some of us. But what could be the best ways to balance or reduce our stress?

Some people use their spare time to read. Reading can be beneficial as it helps relax the brain from external worries. Books provide perfect stimulation as they aid to providing stimulants to induce what some may call an ""out-of-this-world"" experience. Most readers whom I know vividly imagine scenarios in the novels or stories that they read or may have read.

Some people exercise. And that thought leads me to what Elle Woods from Legally Blonde had stated and I quote, ""Exercise gives you endorphins. Endorphins make you happy"". With that being said, exercise helps people like gym rats to sweat out their anger and frustration with regards to their careers and chosen paths. It also provides you a better physique, in my opinion.

Meanwhile, other people focus on using their ""green thumb"". Gardening, although somehow tiring, is somehow elating as it lets you be closer to nature, even if it is just with a single garden bed or a pot. Before you know it, you might even be self-sufficient with a sustainable garden.

Yet for me to be relaxed, I prefer writing and watching movies. As a child writer/journalist, I got accustomed to writing about my thoughts. I also loved being opinionated about current events and topics that I got to write about those in my old school papers. And when I do not have anything to write about, I watch movies. I do not prefer horror ones as those can induce nightmares and may do the opposite of relieving my stress. Comedy movies were my go-to to release tension in my head and body as I tend to laugh a lot.

But to answer the supposed rhetorical question that I left on the first paragraph, I do think that that sentence is not answerable by a specific answer. We all have our own ""best"" ways of lessening our stress. I have heard of people saying that meditation is the key, but one method does not apply to everyone. We just have to find the best fit that will not lead to burning out.",33,54.12875,424,27,15.70370,5.89092,88.44786,0.05189,0.06604,2.61396,1.35556,0.70755,0.07232,0.47170
T00108,University Living,E,303,6,"Distance, expense, comfort, structure, security, accessibility, and people are some of the things most students consider when choosing a place to live while studying. For instance, I debated with my mom a lot about living arrangements when I was in high school because I want to live at the dorm and while she wants me to stay at home. Now that I will be a college student, I prefer living in apartments in the community so that I can be independent in all aspects of my life.

Having an apartment, provides opportunities to accumulate knowledge based on experience. Budgeting money, time, and energy are best learned through situations that challenges a person. I think that living alone or even with 1 or 2 others, will push me to be more independent. For example, I only learned to be smart in buying groceries when I volunteered as a missionary and lived with one other person.

Another reason is that the distance can improve physical health. Normally, I don't like running. However, if there is a place that offers fresh air and new sights? I will be motivated to jog and take long walks every day. This allows me to take charge of my body.

Being outside the campus, expands social circles. All students are busy and occupied. Having different neighbors who are not all students promotes diversity. Having different kinds of neighbors reminds me of being home, thus preventing homesickness and moments of being alone. Another bonus is the joy one can receive through the opportunities to serve others.

Finally, living in an apartment nurtures emotional resilience. I learned to step out of my comfort zone as I live in an apartment. I love my personal time, but what I appreciate most about living in an apartment is that I have the opportunity to practice trusting myself.",34,60.26875,304,20,15.20000,5.91993,101.33333,0.06579,0.08224,2.77457,1.21127,1.64474,0.06795,0.00000
T00196,Mandatory Attendance,A,366,6,"Classes have always been part of the learning process, starting from pre-school up to college. They foster a learning environment that allows a learner to develop their ability to gain knowledge in different fields of study. In a typical university, students attend classes that are relevant to their major course of study. Additionally, some may take other classes that are not as relevant but helps them to gain a broader knowledge across multiple disciplines. While attending classes are important to develop a student's understanding and learning, some may find the requirement to attend classes to be demanding and overwhelming. Because of this, some argue that classes should only be an option for students. Although I acknowledge the struggles students face in attending these classes, I disagree that they should not be mandatory.

Classes are structured in a way that students are guided with a teacher or instructor to learn specific areas related to their course of study, resulting in a gradual increase of their knowledge in the field over time as they take more classes. By having the option to skip these classes, students may acquire gaps in their learning and may eventually seek other sources to fill this gap. It can be detrimental to a student's learning process if the sources are not as effective as being able to participate in a class gives. The freedom to choose whether to attend a class or not may lighten the workload of university students, especially those juggling with extracurricular activities, jobs, or other responsibilities, however this also reinforces the fact that having a requirement to attend classes can enable the students to develop their ability to balance their time between classes, activities, and other things.

All students have different circumstances, schedules, and workloads, but learning should not become a second priority in their lives. Not being required to attend classes may enforce this idea, which can minimize the development and growth a student should be getting during their time in a university. Attending classes should be mandatory to not only allow the student to learn more and expand their knowledge in their chosen field of study, but to help them develop new skills such as time management and prioritization.",35,56.94166,369,14,26.35714,5.86604,78.44399,0.08672,0.05962,3.57531,1.25000,1.08401,0.14572,0.00000
T00206,Mandatory Attendance,A,496,6,"For me, A University marks a significant transition from a calm environment of highschool to the greater freedom and independence of higher learning. This newfound autonomy often leads to debate over wether going to class should be requried or optional for university students. While some say that self-learning is mor effective, the benefits of requreid class attendence far outweigh the drawbacks. University classes provide a dynamic and interactive place for students to gain knowledge, and to obtain crictical skills, and to have a place of gathering, all of this in my thinking is necssary for academic success and personal growth.

Firstly, University classes provide us with a new way for our professors or teahcers to help give us information in a engaging and helpful way. Lectures allow our teachers to explain, and go into detail on important and complex topics, also to clarify misconceptions, and provide real examples from everyday life that even our textbooks dont have. Furthermore, Professors can adapt their lectures to the needs of each student adressing questions and areas of confusion during their cours. This type of dynamic exchange is simply not possible through self -learning, where students are left to figure out hard concepts on their own.

Secondly, attending classes helps improve the develpoment of crictical thinking skills. Class discussions help encourage students to analyze information from multiple angles, engage in respectful debates, and defend their own ideas. By actviley joining in these discussions, students learn to bring about their thoughts in a clear and concienscieus matter, a valuable abillity that extends far beyond the classroom . additionally, professors can pose challenging questions and current counter -arguments, prompting students to go depper ino the course material and develop a more clear understanding of the subject matter . While self-paced learning allows for students to work at their own-speed, it can also lead to a superficial understandign of complex topics without the stressing engagmnt of a clasroom discussion.

Thirdly, required class attendacne helps to a stronger sense of fellowship with the university. Attending classes allows for students to connect with their peers, share ideas, and form study groups that can help give invaluable support throught their semester. This sense of friendship can be particulary beneficial for the first year students who are trying to make their way through college. Further more, interacting with classmates from different places allwos students to develop patience, love, and the ability to work effectivly with others, all essential skills for success in the professinal world. While online learning platforms can give some level on interaction, they cannot recreate the absolute importance of connections formed through in person interaction.

In conclusion, while proponets of optinal attendance highlight the benefits of self learning, the real advantages of mandatory class are undeniable. University classes provide an irreplaceable area for knowledge, critical thinking growth, and felowshiping the community/university. Throught choosing to be in class and to particapate studnets can expect real growth and succes in the life that awaits them beyond their grauation.",36,54.03310,500,21,23.80952,5.43338,115.53030,0.07800,0.05200,2.92473,1.17647,0.60000,0.08446,8.40000
T00001,Reducing Stress,B,573,5,"""Do not try to control things you cannot control."" is an advice written in the missionary guidebook called, Adjusting to Missionary Life. Stress is common and natural in our daily lives, we often experience it when everything seems not going as we ought and planned. When problems are stacking the way we never imagined. Just as how we agreed before to our Father in Heaven that living here on earth we will experience sorrows and challenges; we agreed also in feeling stressed when we will live here on earth. I too deal with constant stress due as I try to reach my goals in life. As some of us try to do, we can never escape feeling and experiencing stressed, so instead of trying to control and avoid it, we should try to control how we react to when we will be facing it. I have put effort in discovering what are the best way for me to reduce stress when I am faced by it. I reduced my stress simple on focusing on my strengthening my spirituality, like reading the Book of Mormon, and asking for Power of my Savior's atonement.

They say when you want Heavenly Father talk to you, read the Book of Mormon. Reading the Book of Mormon is one of my routine when I feel stress. I simple find comfort in the words of God. I have proven this to myself that I reduced feeling stress when I read the Book of Mormon specifically on a time before when I was overloaded with school works when I was in high school, being overwhelmed with everything, I gave time to read my Book of Mormon, there in the chapter I read a verse indicated that we ""are encircled upon the arms"" of our Savior Jesus Christ. I was then calmed downed and immediately felt the peace that I need that time, and was comforted that I can do everything despite being overloaded with work. I passed all I needed to pass that time to my teacher, if it weren't my decision to pause and give to read the Book of Mormon, I wouldn't have received that comfort and passed that subject.

The Savior have atoned not only for my sins but also for all the sadness and stress I would feel. Upon understanding that I have always included in my prayer to ask for the Power of the atonement of Jesus Christ. I specifically experienced this when I got stressed when I applied for my first job, I felt I overwhelmed and unqualified, I do not seem to function that time. I prayed and asked for His atonement to work on me, I immediately felt his arms wrapped around me to assure I can get the job, what I feel is normal. I just have to do everything I can and we will get that through together. Without the comfort I have felt, I wouldn't have got the job. The Savior's Atonement is power for us in times of stress.

Feeling stressed is a part of life it is simply there. We caRemember that when temporally everything is out the way we planned, we can rely and resort to divine assistance, surely other ways and studies are proven to reduce stress but that is nothing compared to the peace and comfort we yearn and we can feel through our Father in Heaven and our Savior Jesus Christ.",37,42.92809,572,24,23.83333,6.01215,57.50975,0.05594,0.09441,3.10207,1.21429,0.34965,0.10491,1.74825
T00011,Reducing Stress,B,431,5,"""Change is the constant thing in life"" as my companion in the mission taught me. In this world full of trials and worries about life it really can be really challenging trying to escape stress and difficulties. However, in our modern way people tend to think in many ways on how they can reduce their own stress. We live in a modern world where the resources are almost available anywhere. We have modern technologies, we have our parents and leaders.

To begin with, in my opinion the best way on reducing stress is to serve others with full of heart. In fact, researchers says people who serve others tend to be happier than others who are thinking deeply or watching movies or staying at home. For an example, when I was on the 5th month of my mission I had a companion who didn't had the strength going outside to teach people. He was very sick and on that day I felt that there is something missing. Every time we didn't have the opportunity serving others or minister others there's something wrong with my mood even today as a returned missionary. Service for me is the best way to reduce stress.

In addition, I agree that one way of reducing stress is having time for yourself meditating and reading in a quiet place. Reading book for me is my kind of meditating. Whenever I read books, I can get away from reality. I love reading books. In my experience since I was fascinated in reading books about myths, legends, magic and science, changed the way how I act and think. I'm grateful that those books specially the scriptures really changed my behavior.

Furthermore, one way of reducing stress is to have time for your family. Travel with the family, have fun activities at home or at church, do family home evenings and scripture study constantly. Having a quality time with your family is one of the best ways for you to reduce your stress. Family meaning love ones. It can be your dog, your friends, your relatives or someone who is close to your heart.

In this world no man is an Island. In my opinion those examples of reducing stress are the best ways.

In conclusion, those ways that I've shared is through experience. It is centered on what the Gospel taught me as a son of God. There are may ways on how we can reduce our self. We have different personalities. Find ways on how you can better reduce or control stress.",38,48.13896,424,29,14.62069,6.01686,78.57298,0.04009,0.04481,2.58281,1.06306,0.70755,0.07705,0.94340
T00017,Reducing Stress,B,170,5,"Easy ways to feel better

In our busy lives, stress is something we all deal with. But there are simple things we can do to feel better. One easy way is to get moving! Doing exercises like walking, running, or yoga helps our bodies relax and makes us feel happier. Find something you enjoy and do it regularly - it can help you feel less stressed.

Another way to feel better is to take time to relax our minds. This is called mindfulness. You can do it by breathing deeply or paying attention to your body's feelings. Taking a few minutes each day to do this can help calm your mind and make stress feel less overwhelming.

Lastly, don't forget to take care of yourself. Spend time with people you care about, do things you love, and give yourself breaks when you need them. Taking care of yourself is important, and it's okay to put yourself first sometimes. By doing these simple things, you can beat stress and feel better overall.",39,46.52854,170,13,13.07692,5.94900,68.31061,0.04118,0.09412,2.18462,0.88889,0.00000,0.06795,0.00000
T00022,Reducing Stress,B,320,5,"I believe every individual in today's era, are facing a lot challenges and problems in life. To deal with it, sometimes, can really be draining and stressful. But luckily experts like doctors and psychologist offered ways to we can relieve from stress. In my personal life I also experienced stress, as humans our strength in all aspects of our existence is limited. To me the best way to reducing stress is exercise. As an experience while serving a full-time mission, life there can be physically and emotionally demanding. There were times I struggled waking up exactly 6:30 due to overfatigue, and also there were times I would wake up at night and could go back to bed. This caused me to have stress and lose focus. I addressed this concern to my Mission President and his response to me was to do hard exercise in the morning and keep yourself busy. So I followed his counseled and yes, I relieve myself from stress by doing hard exercise.

Moreover, other ways that we can reduce our stress is to keep ourselves busy. For example reading and studying the scriptures, playing video games, and playing sports. In our life sometimes we think about ourselves too much that it creates patterns that would lead to stress and depression. But a prophet named Gordon B. Hinckley once said that ""the antidote for worry is work"". Similarly, the antidote to reduce our stress is to keep ourselves busy.

To sum it up, I know life is hard but stress and other challenges exist in order for us to grow. Without it there will be no room for progress, we would be be perfect but such a thing will not exist in this life. Life in this modern world is very demanding but we have resources that we could use to reduce and to cope from our stress, we just need to learn and put it into action.",40,54.35159,321,18,17.83333,5.94589,80.66054,0.07788,0.06231,2.47075,1.04348,1.24611,0.07936,1.24611
T00044,Reducing Stress,B,302,5,"Living independently in college, having to handle everything on my own, I found doing these simple things makes me feel better and has helped me cope up with the stress that I'm feeling in that certain moment.

First and foremost, prayer. A simple prayer makes me feel comforted in almost everything, even more when facing difficulties and challenges in life that I found stressful to handle alone. Knowing that I'm not carrying my burdens all by myself makes me feel comforted and somehow lessen the stress that I'm feeling. Growing up in the church, I have felt and I'm blessed to know that we have our savior Jesus Christ and Heavenly Father that is always willing to help us and guides us throughout our journey in this life.

Knowing that they do helps us in the most mysterious ways have led me into conclusion on how blessed I am to have certain people in my life making me realized that I'm never alone which is why after praying, I called or message my family or friend to share my feelings and in times when I don't feel like doing it, I resort to just simply writing my feelings on a paper and it helped a lot.

Lastly I keep in mind that I should be stronger than my own thoughts, that is why during those ""stressful"" times I always try to look for the bright side of any situation knowing that I may struggle right now, I'll make sure that it is for me to learn something that will benefit me in the future and that all of these struggles will be my stepping stone as I navigate my life in this earth. Having a mindset like that changes how I face challenges and perceive life and the stress that goes along with it.",41,47.26624,304,8,38.00000,6.02921,74.93617,0.03947,0.12500,4.98485,1.60000,0.00000,0.10901,0.65789
